Workbook

Sheet 1.설명
B2: CH0 초음파 레벨센서 캘리브레이션 리포트
B3: 2026-07-28 · 펌프 Chemyx ID1(Group A) · 5 mL 주사기(⌀12.45 mm) · HC-SR04 @COM3 CH0 · 3왕복 × 0.3 mL 스텝 = 105점
B5: [1] 이 실험이 무엇인지
B6: 시린지 펌프가 주사기 플런저를 0→5→0 mL로 3번 왕복시키면서, 0.3 mL 움직일 때마다 멈추고
B7: 초음파 센서가 플런저에 붙은 반사블록까지의 거리(raw, cm)를 측정했습니다.
B8: 목적: "거리(cm) ↔ 주사기 안 부피(mL)" 변환식을 만드는 것 = 캘리브레이션.
B9: 이 변환식이 있어야 소프트웨어가 센서 값만 보고 "주사기에 몇 mL 남았는지"를 알 수 있습니다.
B11: [2] 용어 사전 — 표와 그래프를 읽기 위한 최소 지식
B12: 용어 | C12: 쉬운 설명
B13: raw (cm) | C13: 센서가 잰 반사블록까지의 거리. 플런저가 뒤로 갈수록(흡입) 커집니다.
B14: 캘리브레이션 커브 | C14: 부피(mL)와 raw(cm)의 관계 그래프. 이상적이라면 곧은 직선이어야 합니다.
B15: 선형 fit | C15: 105개 점에 가장 잘 맞는 직선 하나. 식: 부피 = 기울기 × raw + 절편. 이 파일에선 엑셀 SLOPE/INTERCEPT 함수가 직접 계산합니다(시트2).
B16: 잔차 (µL) | C16: (실제 부피) − (직선식이 예측한 부피). 0에 가까울수록 그 지점에서 직선이 잘 맞는다는 뜻.
B17: RMSE | C17: 잔차들의 평균적인 크기. 445 µL = 직선식으로 부피를 읽으면 평균 ±0.45 mL쯤 틀린다는 뜻.
B18: 재현성 (스프레드) | C18: 같은 위치를 3사이클 반복했을 때 값이 얼마나 같게 나오나. 작을수록 좋음. 대부분 0.01~0.11 cm(=수십 µL)로 매우 좋음.
B19: 왕복차 | C19: 올라갈 때(흡입)와 내려올 때(토출)의 값 차이. 기계 백래시가 있으면 커짐. 여기선 ~0.05 cm로 거의 없음.
B20: 쌍안정 | C20: 같은 위치인데 잴 때마다 두 값 중 하나가 랜덤하게 나오는 현상. 센서 빔 안에 반사면이 2개 있어 둘 중 하나를 잡기 때문. 5곳(0.6/0.9/2.7/3.0/3.9 mL)에서 발생 — 시트2에 노란색.
B21: 역행 | C21: 부피가 늘었는데 거리값이 줄어드는 물리적으로 불가능한 구간(예: 1.5→1.8 mL). 에코가 다른 반사면으로 갈아탔다는 결정적 증거.
B23: [3] 핵심 결과 — 세 줄 요약
B24: 1) 0 mL(완전히 빈 상태)는 ±27 µL로 완벽하게 재현 → "비웠는지 검증" 용도로 즉시 사용 가능.
B25: 2) 전구간 위치측정은 현재 ±0.5 mL 수준 — 값은 잘 재현되지만 직선이 아닌 지그재그(계통 오차) + 쌍안정 5곳 때문.
B26: 3) 원인은 센서 고장이 아니라 반사면이 2개 보이는 기하 문제. 반사블록을 크고 평평하게 1개만 만들면 ±100 µL급 가능.
B28: [4] 용도별 판정
B29: 용도 | D29: 판정 | E29: 근거
B30: 완전히 비웠는지 검증 (reagent) | D30: ◎ 사용 가능(정밀) | E30: 0점이 ±27 µL로 고정, 0.3 mL 잔량과 8σ 이상 분리
B31: 잔량 대략 파악 (solvent/run-dry) | D31: ○ 마진 ±0.7 mL 두면 가능 | E31: RoboChem 원본 설계 스펙(수백 µL~1 mL '거친 게이트')과 동급
B32: 정밀 위치/µL급 검증 | D32: △ 반사면 개선 후 | E32: 쌍안정·역행은 소프트웨어 보정 불가 → 물리 개선 필요
B34: [5] 소프트웨어 등록 권장값 (hardware_config.json → Group A)
B35: level_cal_slope = 1.067760 / level_cal_intercept = −9.2382 (0점 앵커: 빈 상태 raw 8.652 cm가 정확히 0 µL가 되도록)
B36: level_empty_gate_ul = 500 / level_samples = 20 / level_policy = "reagent"
B38: [6] 시트 안내
B39: 시트2 지점별통계 — 0.3 mL 지점별 요약표 + 오차 막대그래프. 노란 행 = 쌍안정 지점.
B40: 시트3 원본데이터 — 105점 전체 + 캘리브레이션 산점도(흡입 파랑/토출 주황/fit 직선). fit 예측·잔차는 엑셀 수식.
B41: 시트4 스윕데이터 — 저속 연속 스윕 396표본 + 선그래프. 두 트랙을 넘나드는 톱니가 '반사면 2개'의 직접 증거.

Sheet 2.지점별통계
A1: 0.3 mL 지점별 통계 — 요약표
A2: 선형 fit (엑셀 SLOPE/INTERCEPT 함수가 시트3 원본에서 직접 계산):
A3: 기울기 slope | B3: =SLOPE('3.원본데이터'!C2:C106,'3.원본데이터'!D2:D106) | D3: 식: 부피(mL) = slope × raw(cm) + intercept
A4: 절편 intercept | B4: =INTERCEPT('3.원본데이터'!C2:C106,'3.원본데이터'!D2:D106) | D4: 노란 행 = 쌍안정 지점(같은 위치에서 두 값이 번갈아 나옴)
A5: RMSE (µL) | B5: =SQRT(SUMPRODUCT(('3.원본데이터'!C2:C106-('3.원본데이터'!D2:D106*B3+B4))^2)/105)*1000
A7: 부피 (mL) | B7: raw 평균 (cm) | C7: 재현성: 스프레드 (cm) | D7: 왕복차 up−down (cm) | E7: fit 잔차 (µL) | F7: 해석
A8: 0 | B8: =AVERAGEIFS('3.원본데이터'!$D$2:$D$106,'3.원본데이터'!$C$2:$C$106,$A8) | C8: =MAXIFS('3.원본데이터'!$D$2:$D$106,'3.원본데이터'!$C$2:$C$106,$A8)-MINIFS('3.원본데이터'!$D$2:$D$106,'3.원본데이터'!$C$2:$C$106,$A8) | D8: =IFERROR(AVERAGEIFS('3.원본데이터'!$D$2:$D$106,'3.원본데이터'!$C$2:$C$106,$A8,'3.원본데이터'!$B$2:$B$106,"흡입(up)")-AVERAGEIFS('3.원본데이터'!$D$2:$D$106,'3.원본데이터'!$C$2:$C$106,$A8,'3.원본데이터'!$B$2:$B$106,"토출(down)"),"—") | E8: =($A8-(B8*$B$3+$B$4))*1000 | F8: ★ empty 앵커 — 6회가 0.05 cm 안에 다 들어옴. 가장 신뢰
A9: 0.3 | B9: =AVERAGEIFS('3.원본데이터'!$D$2:$D$106,'3.원본데이터'!$C$2:$C$106,$A9) | C9: =MAXIFS('3.원본데이터'!$D$2:$D$106,'3.원본데이터'!$C$2:$C$106,$A9)-MINIFS('3.원본데이터'!$D$2:$D$106,'3.원본데이터'!$C$2:$C$106,$A9) | D9: =IFERROR(AVERAGEIFS('3.원본데이터'!$D$2:$D$106,'3.원본데이터'!$C$2:$C$106,$A9,'3.원본데이터'!$B$2:$B$106,"흡입(up)")-AVERAGEIFS('3.원본데이터'!$D$2:$D$106,'3.원본데이터'!$C$2:$C$106,$A9,'3.원본데이터'!$B$2:$B$106,"토출(down)"),"—") | E9: =($A9-(B9*$B$3+$B$4))*1000 | F9: 정상 재현(스프레드 ≈ 수십 µL)
A10: 0.6 | B10: =AVERAGEIFS('3.원본데이터'!$D$2:$D$106,'3.원본데이터'!$C$2:$C$106,$A10) | C10: =MAXIFS('3.원본데이터'!$D$2:$D$106,'3.원본데이터'!$C$2:$C$106,$A10)-MINIFS('3.원본데이터'!$D$2:$D$106,'3.원본데이터'!$C$2:$C$106,$A10) | D10: =IFERROR(AVERAGEIFS('3.원본데이터'!$D$2:$D$106,'3.원본데이터'!$C$2:$C$106,$A10,'3.원본데이터'!$B$2:$B$106,"흡입(up)")-AVERAGEIFS('3.원본데이터'!$D$2:$D$106,'3.원본데이터'!$C$2:$C$106,$A10,'3.원본데이터'!$B$2:$B$106,"토출(down)"),"—") | E10: =($A10-(B10*$B$3+$B$4))*1000 | F10: 쌍안정 — 사이클마다 두 값 중 하나로 토글
A11: 0.9 | B11: =AVERAGEIFS('3.원본데이터'!$D$2:$D$106,'3.원본데이터'!$C$2:$C$106,$A11) | C11: =MAXIFS('3.원본데이터'!$D$2:$D$106,'3.원본데이터'!$C$2:$C$106,$A11)-MINIFS('3.원본데이터'!$D$2:$D$106,'3.원본데이터'!$C$2:$C$106,$A11) | D11: =IFERROR(AVERAGEIFS('3.원본데이터'!$D$2:$D$106,'3.원본데이터'!$C$2:$C$106,$A11,'3.원본데이터'!$B$2:$B$106,"흡입(up)")-AVERAGEIFS('3.원본데이터'!$D$2:$D$106,'3.원본데이터'!$C$2:$C$106,$A11,'3.원본데이터'!$B$2:$B$106,"토출(down)"),"—") | E11: =($A11-(B11*$B$3+$B$4))*1000 | F11: 쌍안정 — 사이클마다 두 값 중 하나로 토글
A12: 1.2 | B12: =AVERAGEIFS('3.원본데이터'!$D$2:$D$106,'3.원본데이터'!$C$2:$C$106,$A12) | C12: =MAXIFS('3.원본데이터'!$D$2:$D$106,'3.원본데이터'!$C$2:$C$106,$A12)-MINIFS('3.원본데이터'!$D$2:$D$106,'3.원본데이터'!$C$2:$C$106,$A12) | D12: =IFERROR(AVERAGEIFS('3.원본데이터'!$D$2:$D$106,'3.원본데이터'!$C$2:$C$106,$A12,'3.원본데이터'!$B$2:$B$106,"흡입(up)")-AVERAGEIFS('3.원본데이터'!$D$2:$D$106,'3.원본데이터'!$C$2:$C$106,$A12,'3.원본데이터'!$B$2:$B$106,"토출(down)"),"—") | E12: =($A12-(B12*$B$3+$B$4))*1000 | F12: 정상 재현(스프레드 ≈ 수십 µL)
A13: 1.5 | B13: =AVERAGEIFS('3.원본데이터'!$D$2:$D$106,'3.원본데이터'!$C$2:$C$106,$A13) | C13: =MAXIFS('3.원본데이터'!$D$2:$D$106,'3.원본데이터'!$C$2:$C$106,$A13)-MINIFS('3.원본데이터'!$D$2:$D$106,'3.원본데이터'!$C$2:$C$106,$A13) | D13: =IFERROR(AVERAGEIFS('3.원본데이터'!$D$2:$D$106,'3.원본데이터'!$C$2:$C$106,$A13,'3.원본데이터'!$B$2:$B$106,"흡입(up)")-AVERAGEIFS('3.원본데이터'!$D$2:$D$106,'3.원본데이터'!$C$2:$C$106,$A13,'3.원본데이터'!$B$2:$B$106,"토출(down)"),"—") | E13: =($A13-(B13*$B$3+$B$4))*1000 | F13: 정상 재현(스프레드 ≈ 수십 µL)
A14: 1.8 | B14: =AVERAGEIFS('3.원본데이터'!$D$2:$D$106,'3.원본데이터'!$C$2:$C$106,$A14) | C14: =MAXIFS('3.원본데이터'!$D$2:$D$106,'3.원본데이터'!$C$2:$C$106,$A14)-MINIFS('3.원본데이터'!$D$2:$D$106,'3.원본데이터'!$C$2:$C$106,$A14) | D14: =IFERROR(AVERAGEIFS('3.원본데이터'!$D$2:$D$106,'3.원본데이터'!$C$2:$C$106,$A14,'3.원본데이터'!$B$2:$B$106,"흡입(up)")-AVERAGEIFS('3.원본데이터'!$D$2:$D$106,'3.원본데이터'!$C$2:$C$106,$A14,'3.원본데이터'!$B$2:$B$106,"토출(down)"),"—") | E14: =($A14-(B14*$B$3+$B$4))*1000 | F14: 역행 구간 — 1.5 mL보다 raw가 작음(반사면 갈아탐)
A15: 2.1 | B15: =AVERAGEIFS('3.원본데이터'!$D$2:$D$106,'3.원본데이터'!$C$2:$C$106,$A15) | C15: =MAXIFS('3.원본데이터'!$D$2:$D$106,'3.원본데이터'!$C$2:$C$106,$A15)-MINIFS('3.원본데이터'!$D$2:$D$106,'3.원본데이터'!$C$2:$C$106,$A15) | D15: =IFERROR(AVERAGEIFS('3.원본데이터'!$D$2:$D$106,'3.원본데이터'!$C$2:$C$106,$A15,'3.원본데이터'!$B$2:$B$106,"흡입(up)")-AVERAGEIFS('3.원본데이터'!$D$2:$D$106,'3.원본데이터'!$C$2:$C$106,$A15,'3.원본데이터'!$B$2:$B$106,"토출(down)"),"—") | E15: =($A15-(B15*$B$3+$B$4))*1000 | F15: 정상 재현(스프레드 ≈ 수십 µL)
A16: 2.4 | B16: =AVERAGEIFS('3.원본데이터'!$D$2:$D$106,'3.원본데이터'!$C$2:$C$106,$A16) | C16: =MAXIFS('3.원본데이터'!$D$2:$D$106,'3.원본데이터'!$C$2:$C$106,$A16)-MINIFS('3.원본데이터'!$D$2:$D$106,'3.원본데이터'!$C$2:$C$106,$A16) | D16: =IFERROR(AVERAGEIFS('3.원본데이터'!$D$2:$D$106,'3.원본데이터'!$C$2:$C$106,$A16,'3.원본데이터'!$B$2:$B$106,"흡입(up)")-AVERAGEIFS('3.원본데이터'!$D$2:$D$106,'3.원본데이터'!$C$2:$C$106,$A16,'3.원본데이터'!$B$2:$B$106,"토출(down)"),"—") | E16: =($A16-(B16*$B$3+$B$4))*1000 | F16: 정상 재현(스프레드 ≈ 수십 µL)
A17: 2.7 | B17: =AVERAGEIFS('3.원본데이터'!$D$2:$D$106,'3.원본데이터'!$C$2:$C$106,$A17) | C17: =MAXIFS('3.원본데이터'!$D$2:$D$106,'3.원본데이터'!$C$2:$C$106,$A17)-MINIFS('3.원본데이터'!$D$2:$D$106,'3.원본데이터'!$C$2:$C$106,$A17) | D17: =IFERROR(AVERAGEIFS('3.원본데이터'!$D$2:$D$106,'3.원본데이터'!$C$2:$C$106,$A17,'3.원본데이터'!$B$2:$B$106,"흡입(up)")-AVERAGEIFS('3.원본데이터'!$D$2:$D$106,'3.원본데이터'!$C$2:$C$106,$A17,'3.원본데이터'!$B$2:$B$106,"토출(down)"),"—") | E17: =($A17-(B17*$B$3+$B$4))*1000 | F17: 쌍안정 — 사이클마다 두 값 중 하나로 토글
A18: 3 | B18: =AVERAGEIFS('3.원본데이터'!$D$2:$D$106,'3.원본데이터'!$C$2:$C$106,$A18) | C18: =MAXIFS('3.원본데이터'!$D$2:$D$106,'3.원본데이터'!$C$2:$C$106,$A18)-MINIFS('3.원본데이터'!$D$2:$D$106,'3.원본데이터'!$C$2:$C$106,$A18) | D18: =IFERROR(AVERAGEIFS('3.원본데이터'!$D$2:$D$106,'3.원본데이터'!$C$2:$C$106,$A18,'3.원본데이터'!$B$2:$B$106,"흡입(up)")-AVERAGEIFS('3.원본데이터'!$D$2:$D$106,'3.원본데이터'!$C$2:$C$106,$A18,'3.원본데이터'!$B$2:$B$106,"토출(down)"),"—") | E18: =($A18-(B18*$B$3+$B$4))*1000 | F18: 쌍안정 — 사이클마다 두 값 중 하나로 토글
A19: 3.3 | B19: =AVERAGEIFS('3.원본데이터'!$D$2:$D$106,'3.원본데이터'!$C$2:$C$106,$A19) | C19: =MAXIFS('3.원본데이터'!$D$2:$D$106,'3.원본데이터'!$C$2:$C$106,$A19)-MINIFS('3.원본데이터'!$D$2:$D$106,'3.원본데이터'!$C$2:$C$106,$A19) | D19: =IFERROR(AVERAGEIFS('3.원본데이터'!$D$2:$D$106,'3.원본데이터'!$C$2:$C$106,$A19,'3.원본데이터'!$B$2:$B$106,"흡입(up)")-AVERAGEIFS('3.원본데이터'!$D$2:$D$106,'3.원본데이터'!$C$2:$C$106,$A19,'3.원본데이터'!$B$2:$B$106,"토출(down)"),"—") | E19: =($A19-(B19*$B$3+$B$4))*1000 | F19: 정상 재현(스프레드 ≈ 수십 µL)
... A25: 5 | B25: =AVERAGEIFS('3.원본데이터'!$D$2:$D$106,'3.원본데이터'!$C$2:$C$106,$A25) | C25: =MAXIFS('3.원본데이터'!$D$2:$D$106,'3.원본데이터'!$C$2:$C$106,$A25)-MINIFS('3.원본데이터'!$D$2:$D$106,'3.원본데이터'!$C$2:$C$106,$A25) | D25: =IFERROR(AVERAGEIFS('3.원본데이터'!$D$2:$D$106,'3.원본데이터'!$C$2:$C$106,$A25,'3.원본데이터'!$B$2:$B$106,"흡입(up)")-AVERAGEIFS('3.원본데이터'!$D$2:$D$106,'3.원본데이터'!$C$2:$C$106,$A25,'3.원본데이터'!$B$2:$B$106,"토출(down)"),"—") | E25: =($A25-(B25*$B$3+$B$4))*1000 | F25: 왕복차 없음(토출 방문 없음, 흡입 종점만)

Sheet 3.원본데이터
A1: 사이클 | B1: 방향 | C1: 부피(mL) | D1: raw(cm) | E1: fit 예측(mL) | F1: 잔차(µL) | H1: [차트용] 흡입 | K1: [차트용] 토출 | N1: [차트용] fit 직선
A2: 1 | B2: 흡입(up) | C2: 0 | D2: 8.61 | E2: =D2*'2.지점별통계'!$B$3+'2.지점별통계'!$B$4 | F2: =(C2-E2)*1000 | H2: 부피 | I2: raw | K2: 부피 | L2: raw | N2: 0 | O2: =(N2-'2.지점별통계'!$B$4)/'2.지점별통계'!$B$3
A3: 1 | B3: 흡입(up) | C3: 0.3 | D3: 9.34 | E3: =D3*'2.지점별통계'!$B$3+'2.지점별통계'!$B$4 | F3: =(C3-E3)*1000 | H3: 0 | I3: 8.61 | K3: 4.8 | L3: 12.97 | N3: 5 | O3: =(N3-'2.지점별통계'!$B$4)/'2.지점별통계'!$B$3
A4: 1 | B4: 흡입(up) | C4: 0.6 | D4: 8.61 | E4: =D4*'2.지점별통계'!$B$3+'2.지점별통계'!$B$4 | F4: =(C4-E4)*1000 | H4: 0.3 | I4: 9.34 | K4: 4.5 | L4: 12.3
A5: 1 | B5: 흡입(up) | C5: 0.9 | D5: 9.28 | E5: =D5*'2.지점별통계'!$B$3+'2.지점별통계'!$B$4 | F5: =(C5-E5)*1000 | H5: 0.6 | I5: 8.61 | K5: 4.2 | L5: 12.97
A6: 1 | B6: 흡입(up) | C6: 1.2 | D6: 9.72 | E6: =D6*'2.지점별통계'!$B$3+'2.지점별통계'!$B$4 | F6: =(C6-E6)*1000 | H6: 0.9 | I6: 9.28 | K6: 3.9 | L6: 11.28
A7: 1 | B7: 흡입(up) | C7: 1.5 | D7: 10.29 | E7: =D7*'2.지점별통계'!$B$3+'2.지점별통계'!$B$4 | F7: =(C7-E7)*1000 | H7: 1.2 | I7: 9.72 | K7: 3.6 | L7: 11.97
A8: 1 | B8: 흡입(up) | C8: 1.8 | D8: 9.665 | E8: =D8*'2.지점별통계'!$B$3+'2.지점별통계'!$B$4 | F8: =(C8-E8)*1000 | H8: 1.5 | I8: 10.29 | K8: 3.3 | L8: 11.28
A9: 1 | B9: 흡입(up) | C9: 2.1 | D9: 10.335 | E9: =D9*'2.지점별통계'!$B$3+'2.지점별통계'!$B$4 | F9: =(C9-E9)*1000 | H9: 1.8 | I9: 9.665 | K9: 3 | L9: 11.96
A10: 1 | B10: 흡입(up) | C10: 2.4 | D10: 11.01 | E10: =D10*'2.지점별통계'!$B$3+'2.지점별통계'!$B$4 | F10: =(C10-E10)*1000 | H10: 2.1 | I10: 10.335 | K10: 2.7 | L10: 10
A11: 1 | B11: 흡입(up) | C11: 2.7 | D11: 11.28 | E11: =D11*'2.지점별통계'!$B$3+'2.지점별통계'!$B$4 | F11: =(C11-E11)*1000 | H11: 2.4 | I11: 11.01 | K11: 2.4 | L11: 11.06
A12: 1 | B12: 흡입(up) | C12: 3 | D12: 10.96 | E12: =D12*'2.지점별통계'!$B$3+'2.지점별통계'!$B$4 | F12: =(C12-E12)*1000 | H12: 2.7 | I12: 11.28 | K12: 2.1 | L12: 10.29
A13: 1 | B13: 흡입(up) | C13: 3.3 | D13: 11.39 | E13: =D13*'2.지점별통계'!$B$3+'2.지점별통계'!$B$4 | F13: =(C13-E13)*1000 | H13: 3 | I13: 10.96 | K13: 1.8 | L13: 9.67
A14: 1 | B14: 흡입(up) | C14: 3.6 | D14: 11.97 | E14: =D14*'2.지점별통계'!$B$3+'2.지점별통계'!$B$4 | F14: =(C14-E14)*1000 | H14: 3.3 | I14: 11.39 | K14: 1.5 | L14: 10.38
A15: 1 | B15: 흡입(up) | C15: 3.9 | D15: 11.39 | E15: =D15*'2.지점별통계'!$B$3+'2.지점별통계'!$B$4 | F15: =(C15-E15)*1000 | H15: 3.6 | I15: 11.97 | K15: 1.2 | L15: 9.665
... A53: 2 | B53: 흡입(up) | C53: 4.8 | D53: 12.97 | E53: =D53*'2.지점별통계'!$B$3+'2.지점별통계'!$B$4 | F53: =(C53-E53)*1000 | H53: 4.2 | I53: 13.31 | K53: 0 | L53: 8.66
A54: 2 | B54: 흡입(up) | C54: 5 | D54: 12.64 | E54: =D54*'2.지점별통계'!$B$3+'2.지점별통계'!$B$4 | F54: =(C54-E54)*1000 | H54: 4.5 | I54: 12.3
A55: 2 | B55: 토출(down) | C55: 4.8 | D55: 12.97 | E55: =D55*'2.지점별통계'!$B$3+'2.지점별통계'!$B$4 | F55: =(C55-E55)*1000 | H55: 4.8 | I55: 12.97
A56: 2 | B56: 토출(down) | C56: 4.5 | D56: 12.3 | E56: =D56*'2.지점별통계'!$B$3+'2.지점별통계'!$B$4 | F56: =(C56-E56)*1000 | H56: 5 | I56: 12.62
A57: 2 | B57: 토출(down) | C57: 4.2 | D57: 12.97 | E57: =D57*'2.지점별통계'!$B$3+'2.지점별통계'!$B$4 | F57: =(C57-E57)*1000
A58: 2 | B58: 토출(down) | C58: 3.9 | D58: 11.28 | E58: =D58*'2.지점별통계'!$B$3+'2.지점별통계'!$B$4 | F58: =(C58-E58)*1000
A59: 2 | B59: 토출(down) | C59: 3.6 | D59: 11.96 | E59: =D59*'2.지점별통계'!$B$3+'2.지점별통계'!$B$4 | F59: =(C59-E59)*1000
A60: 2 | B60: 토출(down) | C60: 3.3 | D60: 11.28 | E60: =D60*'2.지점별통계'!$B$3+'2.지점별통계'!$B$4 | F60: =(C60-E60)*1000
A61: 2 | B61: 토출(down) | C61: 3 | D61: 11.95 | E61: =D61*'2.지점별통계'!$B$3+'2.지점별통계'!$B$4 | F61: =(C61-E61)*1000
A62: 2 | B62: 토출(down) | C62: 2.7 | D62: 11.28 | E62: =D62*'2.지점별통계'!$B$3+'2.지점별통계'!$B$4 | F62: =(C62-E62)*1000
A63: 2 | B63: 토출(down) | C63: 2.4 | D63: 10.96 | E63: =D63*'2.지점별통계'!$B$3+'2.지점별통계'!$B$4 | F63: =(C63-E63)*1000
A64: 2 | B64: 토출(down) | C64: 2.1 | D64: 10.38 | E64: =D64*'2.지점별통계'!$B$3+'2.지점별통계'!$B$4 | F64: =(C64-E64)*1000
A65: 2 | B65: 토출(down) | C65: 1.8 | D65: 9.6 | E65: =D65*'2.지점별통계'!$B$3+'2.지점별통계'!$B$4 | F65: =(C65-E65)*1000
A66: 2 | B66: 토출(down) | C66: 1.5 | D66: 10.29 | E66: =D66*'2.지점별통계'!$B$3+'2.지점별통계'!$B$4 | F66: =(C66-E66)*1000
A67: 2 | B67: 토출(down) | C67: 1.2 | D67: 9.665 | E67: =D67*'2.지점별통계'!$B$3+'2.지점별통계'!$B$4 | F67: =(C67-E67)*1000
A68: 2 | B68: 토출(down) | C68: 0.9 | D68: 10.27 | E68: =D68*'2.지점별통계'!$B$3+'2.지점별통계'!$B$4 | F68: =(C68-E68)*1000
... A106: 3 | B106: 토출(down) | C106: 0 | D106: 8.66 | E106: =D106*'2.지점별통계'!$B$3+'2.지점별통계'!$B$4 | F106: =(C106-E106)*1000

Sheet 4.스윕데이터
A1: 추정 부피(mL) | B1: raw(cm)
A2: 0.004 | B2: 8.71
A3: 0.017 | B3: 8.71
A4: 0.03 | B4: 8.25
A5: 0.043 | B5: 8.35
A6: 0.057 | B6: 8.35
A7: 0.07 | B7: 8.25
A8: 0.083 | B8: 8.37
A9: 0.096 | B9: 8.35
A10: 0.109 | B10: 8.25
A11: 0.123 | B11: 8.35
A12: 0.136 | B12: 8.25
A13: 0.149 | B13: 8.27
... A397: 5 | B397: 12.64
